Iteration,Time,LagrangianValue,x_norm_residual,λ_norm_residual,Dual_gap
1,0.00027298927307128906,0.5080927626772622,0.0,0.9999999999999999,0.5857864373227377
2,8.392333984375e-5,1.085443031866888,0.0,0.408248290463863,OPT
