Iteration,Time,LagrangianValue,x_norm_residual,λ_norm_residual,Dual_gap
1,0.014261007308959961,102.34206654441141,783.4082884815858,9.456246271186362,193.9578416455886
2,0.0018401145935058594,151.7269101317802,262.5543828152108,4.999999999996875,144.5729980582198
3,0.004685163497924805,151.72691013306485,1.2958152091218427e-9,OPT,144.57299805693515
