Iteration,Time,LagrangianValue,x_norm_residual,λ_norm_residual,Dual_gap
1,0.008710861206054688,-72.95907123624335,85.09257632266919,9.836561341815798,690.5634907662434
2,0.01877307891845703,-56.45907123371125,2.0542808780315313e-9,4.999999999999984,674.0634907637112
3,0.00039887428283691406,-56.45907123371758,2.625040582117532e-13,OPT,674.0634907637176
