Iteration,Time,LagrangianValue,x_norm_residual,λ_norm_residual,Dual_gap
1,0.002165079116821289,55.195584593333834,24.831025245274258,9.999335737035953,35.95089036666617
2,0.009997129440307617,55.195584593322245,3.8419812768738917e-14,OPT,35.95089036667776
