Iteration,Time,LagrangianValue,x_norm_residual,λ_norm_residual,Dual_gap
1,0.0003180503845214844,-17.299152077208017,65.28672577007465,3.723088252863993,388.101675637208
2,0.0001761913299560547,-19.298144456992674,24.71662438340293,0.018569133909948535,390.1006680169927
3,0.0001010894775390625,-19.298278853613105,0.12327569931336976,OPT,390.1008024136131
