Iteration,Time,LagrangianValue,x_norm_residual,λ_norm_residual,Dual_gap
1,0.4090700149536133,-7.413899853117259,65.28672577007465,5.744562646538028,378.21642341311724
2,0.06733298301696777,-0.9530122530344407,28.615110263342043,OPT,371.75553581303444
