Iteration,Time,LagrangianValue,x_norm_residual,λ_norm_residual,Dual_gap
1,0.0004630088806152344,-87.20029939736209,59.082688209490236,5.118593556827891,166.86451001736208
2,0.00026988983154296875,-101.85495884401696,7.4767140099149465,0.8099630599369944,181.51916946401695
3,0.00018405914306640625,-101.18262745896124,1.8370502869253007,0.1577672170388516,180.84683807896124
4,0.0001900196075439453,-99.92867195245638,0.7337018568423508,OPT,179.5928825724564
