Iteration,Time,LagrangianValue,x_norm_residual,λ_norm_residual,Dual_gap
1,0.000347137451171875,-26.62860520205639,65.28672577007465,5.787913376734663,397.4311287620564
2,0.0001728534698486328,-21.628605202071014,4.2757512094173305e-14,3.1622776601683653,392.431128762071
3,0.00010991096496582031,-21.628605202114635,2.1347846752258091e-13,OPT,392.4311287621146
