Iteration,Time,LagrangianValue,x_norm_residual,λ_norm_residual,Dual_gap
1,0.00024008750915527344,-18.909150396519106,25.34593822426448,6.81853661115993,333.7272462765191
2,0.00011301040649414062,-13.855221702175815,0.2600580192479743,3.535533905932736,328.6733175821758
3,8.487701416015625e-5,-13.855221702173758,7.375128072298998e-14,OPT,328.67331758217375
