Iteration,Time,LagrangianValue,x_norm_residual,λ_norm_residual,Dual_gap
1,0.0002658367156982422,-2.904645343548289,13.904887057664425,0.24279938144094043,177.30797023354828
2,0.00014591217041015625,26.044113830062386,0.12220942740102257,6.835521467105619,148.3592110599376
3,0.00010395050048828125,26.015202171277945,0.12220942740105807,OPT,148.38812271872206
