Iteration,Time,LagrangianValue,x_norm_residual,λ_norm_residual,Dual_gap
1,0.000209808349609375,-28.898836958055767,247.27940094650967,10.466822413341148,140.33281353805577
2,0.00015306472778320312,-108.04087441133936,69.17095414333036,3.5355339059327378,219.47485099133937
3,0.00014281272888183594,-108.04087441133447,2.395372749491014e-13,OPT,219.47485099133448
