Iteration,Time,LagrangianValue,x_norm_residual,λ_norm_residual,Dual_gap
1,0.00017690658569335938,-33.125023556589454,13.904887057664425,6.8684170724939575,207.52834844658946
2,9.894371032714844e-5,-18.125023556589728,5.614348548172671e-14,3.535533905932736,192.52834844658972
3,8.606910705566406e-5,-18.125023556589777,9.986684443258684e-14,OPT,192.52834844658977
