Iteration,Time,LagrangianValue,x_norm_residual,λ_norm_residual,Dual_gap
1,0.3544800281524658,25.99785097179918,13.904887057664425,7.0633276240762095,148.4054739182008
2,0.0657188892364502,11.01474318227826,0.02753838585006505,3.5355339059327378,163.38858170772173
3,0.08197903633117676,11.01474318227857,5.416836048654517e-14,OPT,163.3885817077214
