Iteration,Time,LagrangianValue,x_norm_residual,λ_norm_residual,Dual_gap
1,0.00023412704467773438,0.5080927626772622,0.0,0.9999999999999999,0.5857864373227377
2,8.511543273925781e-5,0.5080927626772622,0.0,OPT,0.5857864373227377
