Iteration,Time,LagrangianValue,x_norm_residual,λ_norm_residual,Dual_gap
1,0.3540029525756836,0.949699144843982,1.39857251867647,1.4142135623730951,0.637876435156018
2,0.1467728614807129,0.949699144843982,1.1102230246251565e-16,OPT,0.637876435156018
