Iteration,Time,LagrangianValue,x_norm_residual,λ_norm_residual,Dual_gap
1,0.0005018711090087891,-85.59040813360426,155.62637740591708,4.9970579579682814,139.82787990360424
2,0.0004069805145263672,-85.08448222018947,0.09665163407005894,0.006586370647173994,139.32195399018946
3,0.0003941059112548828,-85.31282074541375,0.0966516340701395,OPT,139.55029251541373
