Iteration,Time,LagrangianValue,x_norm_residual,λ_norm_residual,Dual_gap
1,0.0002129077911376953,-109.37978023066512,155.62637740591708,1.645098669166982,163.61725200066513
2,8.296966552734375e-5,-98.39414561672112,4.277030085835634,2.499999999999981,152.63161738672113
3,5.888938903808594e-5,-98.39414561674865,1.2980933466424293e-13,OPT,152.63161738674864
