Iteration,Time,LagrangianValue,x_norm_residual,λ_norm_residual,Dual_gap
1,0.00036907196044921875,-111.24769314332005,247.27940094650967,0.024395494939194847,222.68166972332006
2,0.00019311904907226562,-91.31646080275411,0.0005134077789639367,7.046672334758439,202.75043738275411
3,0.00015878677368164062,-91.31667816326356,0.0005134077792077076,OPT,202.75065474326357
