Iteration,Time,LagrangianValue,x_norm_residual,λ_norm_residual,Dual_gap
1,0.0003170967102050781,25.678045719049976,13.904887057664425,6.557438524302,148.72527917095002
2,0.00014090538024902344,-8.86674295311619,18.74727946470727,0.1236284676273318,183.27006784311618
3,9.202957153320312e-5,-9.664702067564104,1.0824069830118064,0.09646797741153416,184.0680269575641
4,9.894371032714844e-5,-13.116520003594875,0.920103780663009,0.1623606043554996,187.51984489359486
5,9.512901306152344e-5,-8.896646460542325,1.962769549745256,OPT,183.2999713505423
