Iteration,Time,LagrangianValue,x_norm_residual,λ_norm_residual,Dual_gap
1,0.0004889965057373047,24.111330927203085,5.269836810285108,4.993089146662547,75.95777039279692
2,0.00020599365234375,14.611330927203106,3.921402178808678e-15,2.5,85.4577703927969
3,0.00019478797912597656,14.611330927203047,3.677378100972133e-15,OPT,85.45777039279696
