Iteration,Time,LagrangianValue,x_norm_residual,λ_norm_residual,Dual_gap
1,0.00039196014404296875,5.358810803923159,5.269836810285108,0.05861987033354014,94.71029051607684
2,0.00021910667419433594,24.138862865698982,0.0005335229316114733,4.941388035596016,75.93023845430102
3,0.0001518726348876953,24.13759216988539,0.0005335229316096829,OPT,75.93150915011461
