Iteration,Time,LagrangianValue,x_norm_residual,λ_norm_residual,Dual_gap
1,0.00015401840209960938,-13.679101888358726,5.269836810285108,4.951761594274771,113.74820320835873
2,0.00010204315185546875,-4.1791018883587405,4.566867696108379e-15,2.4999999999999996,104.24820320835875
3,8.511543273925781e-5,-4.179101888358485,8.725895665509673e-15,OPT,104.24820320835849
