Iteration,Time,LagrangianValue,x_norm_residual,λ_norm_residual,Dual_gap
1,2.608228921890259,1.20686332053232,0.981555396289762,0.6938058657531598,-1.5938361741518747e-11
2,0.3647499084472656,1.20686332053232,0.0,OPT,-1.5938361741518747e-11
