Iteration,Time,LagrangianValue,x_norm_residual,λ_norm_residual,Dual_gap
1,0.000885009765625,5.650828837411741,17.391303630774832,4.242640687119285,16.63165900258826
2,0.00032806396484375,-3.9556428751904456,6.090972360852223,OPT,26.238130715190447
