Iteration,Time,LagrangianValue,x_norm_residual,λ_norm_residual,Dual_gap
1,0.0004620552062988281,79.93985412994193,238.19594465700072,4.242640687119285,160.97585051005808
2,0.0002040863037109375,32.269872868874835,26.439884763916908,0.5,208.64583177112516
3,0.0001990795135498047,32.26987286887474,0.0,OPT,208.64583177112524
