Iteration,Time,LagrangianValue,x_norm_residual,λ_norm_residual,Dual_gap
1,0.0003859996795654297,12.191361059276986,191.27940095111973,0.2021797180551838,199.659021380723
2,0.00030612945556640625,31.55201265352457,1.5323973700110057e-13,6.122375602281575,180.29836978647543
3,0.00021600723266601562,31.55201265349953,2.467166372430773e-13,OPT,180.29836978650047
