Iteration,Time,LagrangianValue,x_norm_residual,λ_norm_residual,Dual_gap
1,0.0004818439483642578,-39.390541213728454,191.27940095111973,5.567540411565412,251.24092365372846
2,0.0002770423889160156,20.768758648169914,68.20987637443112,0.0012476611221552414,191.08162379183008
3,0.00018310546875,20.796531397917875,0.025744392720403724,OPT,191.05385104208213
