Iteration,Time,LagrangianValue,x_norm_residual,λ_norm_residual,Dual_gap
1,0.0003609657287597656,-1102.3451287515438,2361.299419366366,5.830951854414852,1149.4528920315438
2,0.00019288063049316406,-20.62880366612353,392.3999239279127,OPT,67.73656694612353
