Iteration,Time,LagrangianValue,x_norm_residual,λ_norm_residual,Dual_gap
1,0.0004010200500488281,-7.5546566498396714,191.27940095111973,6.042059349827688,219.40503908983968
2,0.00020694732666015625,-17.554656649864555,3.140426702297826e-13,3.1622776601683724,229.40503908986454
3,0.000125885009765625,-17.554656649849747,2.0525919057285613e-13,OPT,229.40503908984977
