Iteration,Time,LagrangianValue,x_norm_residual,λ_norm_residual,Dual_gap
1,0.000518798828125,247.90667905229472,646.3011165675867,1.3250432350148884,-244.6038257122947
2,0.00013518333435058594,222.01824521297834,8.700773215168141,0.8817149769999193,-218.71539187297833
3,0.0001270771026611328,294.8740056710735,22.029788882442585,0.3120672443307416,-291.5711523310735
4,0.00011396408081054688,249.9965750731409,30.73056069703096,OPT,-246.69372173314088
