Iteration,Time,LagrangianValue,x_norm_residual,λ_norm_residual,Dual_gap
1,0.00020599365234375,-3.922872592124093,15.92830095918453,1.7320508075688772,7.198456392124093
2,0.0001220703125,-1.6394067664880243,8.613950520886142,OPT,4.914990566488024
