Iteration,Time,LagrangianValue,x_norm_residual,λ_norm_residual,Dual_gap
1,0.0006067752838134766,3891.7246416767894,17982.41525155302,6.403124237432848,4040.437671633211
2,0.0002570152282714844,-8.825007285306128,3065.317648932424,OPT,7940.987320595306
