Iteration,Time,LagrangianValue,x_norm_residual,λ_norm_residual,Dual_gap
1,0.0003459453582763672,-8.202215818625554,61.553658420206624,1.8030522461468703,150.23197260862554
2,0.0001881122589111328,9.712798279585172,9.74102861439034,5.571836974095962,132.31695851041482
3,0.00016808509826660156,12.899460634416755,9.74102861439026,OPT,129.13029615558324
