Iteration,Time,LagrangianValue,x_norm_residual,λ_norm_residual,Dual_gap
1,0.00022101402282714844,-33.833753376528655,83.74561046379897,7.108528382807482,189.34666631652865
2,0.0001430511474609375,-43.833753376530055,1.075206148155044e-13,3.535533905932725,199.34666631653005
3,0.00010800361633300781,-43.83375337652535,4.768425080450277e-13,OPT,199.34666631652536
