Iteration,Time,LagrangianValue,x_norm_residual,λ_norm_residual,Dual_gap
1,0.00019216537475585938,-46.314270791525,61.553658420206624,6.885742526587338,188.34402758152498
2,0.00013709068298339844,-31.314270789887722,1.9187098971717067e-7,3.535533905932736,173.34402757988772
3,0.00012803077697753906,-31.3142707898908,8.146790531441668e-14,OPT,173.3440275798908
