Iteration,Time,LagrangianValue,x_norm_residual,λ_norm_residual,Dual_gap
1,0.0002810955047607422,6.272201118432065,83.74561046379897,7.0710678118654755,149.24071182156794
2,0.00030303001403808594,6.27220111843603,2.0905868052510015e-13,OPT,149.240711821564
