Iteration,Time,LagrangianValue,x_norm_residual,λ_norm_residual,Dual_gap
1,0.0001671314239501953,1806.2846305467529,17982.41525155302,6.401612314945489,6125.877682763247
2,9.202957153320312e-5,-29.39587413107529,5102.83845700467,3.53553390590377,7961.5581874410755
3,7.605552673339844e-5,-29.39582310908736,5.054372633370472e-11,OPT,7961.5581364190875
