Iteration,Time,LagrangianValue,x_norm_residual,λ_norm_residual,Dual_gap
1,0.00033283233642578125,0.277946395718466,10.390878504677941,7.0710678118654755,152.41160094428153
2,0.00020194053649902344,0.2779463957184882,4.560311180010225e-14,OPT,152.4116009442815
