Iteration,Time,LagrangianValue,x_norm_residual,λ_norm_residual,Dual_gap
1,0.00024509429931640625,-1253.3250943249213,17982.41525155302,0.8758587960784884,9185.487407634922
2,9.202957153320312e-5,1570.44703915438,4820.283607516775,6.217876783560508,6361.71527415562
3,0.000102996826171875,-5.766651348603773,4820.2836075166315,OPT,7937.928964658604
