Iteration,Time,LagrangianValue,x_norm_residual,λ_norm_residual,Dual_gap
1,0.00024008750915527344,-15.585660978020812,83.74561046379897,6.851652147647416,171.0985739180208
2,0.00014400482177734375,5.644791762066035,50.32779505768504,3.427827300200522,149.86812117793397
3,0.0001049041748046875,-3.432857694356727,25.12468568920105,OPT,158.94577063435673
