Iteration,Time,LagrangianValue,x_norm_residual,λ_norm_residual,Dual_gap
1,0.0002779960632324219,1.7887359071288722,2.0299850001238218,0.2645751311064591,57.99486886287112
2,0.0002200603485107422,1.6269272868018543,0.1082034100924793,OPT,58.156677483198145
