Iteration,Time,LagrangianValue,x_norm_residual,λ_norm_residual,Dual_gap
1,0.00021409988403320312,-5.372070016076275,22.39940965109089,0.316227766016838,10.440848606076276
2,0.0001430511474609375,-2.385654164952167e15,6.309437595012987e-14,2.3856541649521615e15,2.385654164952172e15
3,6.699562072753906e-5,-2.4796297828315845e15,7.606812663772366,0.5,2.4796297828315895e15
4,6.008148193359375e-5,-2.231666804548429e15,6.344741042177579,OPT,2.231666804548434e15
