Iteration,Time,LagrangianValue,x_norm_residual,λ_norm_residual,Dual_gap
1,3.0244340896606445,8.45948063382665,30.673775849771566,0.316227766016838,-1.673548333826651
2,0.3809468746185303,8.459480633826594,4.782987168225453e-15,OPT,-1.6735483338265942
