Iteration,Time,LagrangianValue,x_norm_residual,λ_norm_residual,Dual_gap
1,0.0005779266357421875,-48.11774085612431,67.37328739142916,4.242640687119285,97.4673360861243
2,0.0002529621124267578,-21.886768681400405,2.613501416416963,OPT,71.2363639114004
