Iteration,Time,LagrangianValue,x_norm_residual,λ_norm_residual,Dual_gap
1,0.0008251667022705078,-17.94473772138212,33.3688467975494,3.872983346207417,37.50853467138212
2,0.00029206275939941406,-0.29175264593136774,158.1957156213156,OPT,19.855549595931368
