Iteration,Time,LagrangianValue,x_norm_residual,λ_norm_residual,Dual_gap
1,0.0005741119384765625,34.322306319017386,159.5100496622053,5.674504383644443,397.6989844209826
2,0.0002582073211669922,0.7654283759767875,26.650130896726186,0.40447395713950474,431.2558623640232
3,0.00020003318786621094,14.040167843070805,6.461979079217902,0.1483124473605374,417.98112289692915
4,0.00022101402282714844,21.804798170088525,2.3694774783753703,OPT,410.21649256991145
