Iteration,Time,LagrangianValue,x_norm_residual,λ_norm_residual,Dual_gap
1,0.001094818115234375,-76.98932591017888,59.6115305916257,5.932144030018173,4538.1588879601795
2,0.0010020732879638672,-52.03964045884153,0.01772363716361162,4.999999999999993,4513.209202508842
3,0.0008289813995361328,-52.03964045889894,1.5138814905678377e-13,OPT,4513.2092025089
