Iteration,Time,LagrangianValue,x_norm_residual,λ_norm_residual,Dual_gap
1,0.006826877593994141,-103.84527689696657,24.831025245274258,9.886692918570455,194.99175185696657
2,0.0004980564117431641,-143.90819400420122,0.02114467790420161,4.999999999999999,235.05466896420123
3,0.0003330707550048828,-143.90819400420136,4.690019691873343e-14,OPT,235.05466896420137
