Iteration,Time,LagrangianValue,x_norm_residual,λ_norm_residual,Dual_gap
1,0.0070362091064453125,2.6175106347342023,59.6115305916257,10.0,4458.552051415266
2,0.0034301280975341797,2.617510634663404,1.236289571048228e-13,OPT,4458.552051415337
