Iteration,Time,LagrangianValue,x_norm_residual,λ_norm_residual,Dual_gap
1,0.8988449573516846,-68.22301079498857,635.6283211840552,3.1622776601683795,76.89777099498856
2,0.5087578296661377,-68.22301079510504,1.5631940186722204e-13,OPT,76.89777099510503
