Iteration,Time,LagrangianValue,x_norm_residual,λ_norm_residual,Dual_gap
1,0.00031185150146484375,-7.344592730751264,65.28776867941265,0.5000000000000001,34.22287279075127
2,0.0002071857452392578,-7.344592730750168,4.302830433724222e-14,OPT,34.22287279075017
